{"version": "1", "message": "ERROR: Hidden Testcases server unreachable.", "problem_id": "ads2_m4_a1_1", "user_id": "manojbandari", "score": {"sample": {"0": {"execution_time": 0.29334187507629395, "passed": true}, "1": {"execution_time": 0.3352341651916504, "passed": true}, "2": {"execution_time": 0.5023782253265381, "passed": true}, "3": {"execution_time": 0.34344053268432617, "passed": true}, "4": {"execution_time": 0.46379613876342773, "passed": true}, "5": {"execution_time": 0.38791394233703613, "passed": true}, "6": {"execution_time": 0.29755353927612305, "passed": true}, "7": {"execution_time": 0.2591111660003662, "passed": true}, "8": {"execution_time": 0.3215677738189697, "passed": true}, "9": {"execution_time": 0.2717626094818115, "passed": true}, "10": {"execution_time": 0.262739896774292, "passed": true}, "11": {"execution_time": 0.2749948501586914, "passed": true}, "12": {"execution_time": 0.4149174690246582, "passed": true}, "13": {"execution_time": 1.2661247253417969, "passed": true}, "14": {"execution_time": 0.42417430877685547, "passed": true}}}, "check_style_score": "0/1"}