{"version": "1", "message": "ERROR: Hidden Testcases server unreachable.", "problem_id": "ads2_m2_a1_1", "user_id": "manojbandari", "score": {"sample": {"0": {"execution_time": 0.39821362495422363, "passed": true}, "1": {"execution_time": 0.3246896266937256, "passed": true}, "2": {"execution_time": 0.3702280521392822, "passed": true}, "3": {"execution_time": 0.4049036502838135, "passed": true}, "4": {"execution_time": 0.3139681816101074, "passed": true}, "5": {"execution_time": 0.3829066753387451, "passed": true}, "6": {"execution_time": 0.2949984073638916, "passed": true}, "7": {"execution_time": 0.82759690284729, "passed": true}, "8": {"execution_time": 0.29170727729797363, "passed": true}, "9": {"execution_time": 0.35959339141845703, "passed": true}, "10": {"execution_time": 0.295440673828125, "passed": true}, "11": {"execution_time": 0.41274523735046387, "passed": true}, "12": {"execution_time": 0.41011691093444824, "passed": true}, "13": {"execution_time": 0.3235437870025635, "passed": true}, "14": {"execution_time": 0.33761072158813477, "passed": true}, "15": {"execution_time": 0.34436559677124023, "passed": true}, "16": {"execution_time": 0.5498709678649902, "passed": true}, "17": {"execution_time": 0.4107222557067871, "passed": true}, "18": {"execution_time": 0.39741015434265137, "passed": true}, "19": {"execution_time": 0.5287034511566162, "passed": true}, "20": {"execution_time": 0.4586963653564453, "passed": true}, "21": {"execution_time": 0.2975599765777588, "passed": true}, "22": {"execution_time": 0.6267750263214111, "passed": true}, "23": {"execution_time": 0.605006217956543, "passed": true}}}, "check_style_score": "1/1"}