{"version": "1", "message": "ERROR: Hidden Testcases server unreachable.", "problem_id": "ads2_m2_a1_1", "user_id": "manojbandari", "score": {"sample": {"0": {"execution_time": 0.2923774719238281, "passed": true}, "1": {"execution_time": 0.358872652053833, "passed": true}, "2": {"execution_time": 0.2872941493988037, "passed": true}, "3": {"execution_time": 0.2652313709259033, "passed": true}, "4": {"execution_time": 0.2257404327392578, "passed": true}, "5": {"execution_time": 0.24156641960144043, "passed": true}, "6": {"execution_time": 0.23579883575439453, "passed": true}, "7": {"execution_time": 0.27579379081726074, "passed": true}, "8": {"execution_time": 0.23453235626220703, "passed": true}, "9": {"execution_time": 0.4855787754058838, "passed": true}, "10": {"execution_time": 0.24387812614440918, "passed": true}, "11": {"execution_time": 0.2660849094390869, "passed": true}, "12": {"execution_time": 0.2689549922943115, "passed": true}, "13": {"execution_time": 0.3309321403503418, "passed": true}, "14": {"execution_time": 0.2775125503540039, "passed": true}, "15": {"execution_time": 0.3075752258300781, "passed": true}, "16": {"execution_time": 0.36345911026000977, "passed": true}, "17": {"execution_time": 0.5233490467071533, "passed": true}, "18": {"execution_time": 0.37987303733825684, "passed": true}, "19": {"execution_time": 0.38446998596191406, "passed": true}, "20": {"execution_time": 0.4532606601715088, "passed": true}, "21": {"execution_time": 0.32308244705200195, "passed": true}, "22": {"execution_time": 0.7091624736785889, "passed": true}, "23": {"execution_time": 0.570378303527832, "passed": true}}}, "check_style_score": "0/1"}