{"version": "1", "message": "ERROR: Hidden Testcases server unreachable.", "problem_id": "ads2_m16_a1_1", "user_id": "manojbandari", "score": {"sample": {"0": {"execution_time": 0.3682126998901367, "passed": false}, "1": {"execution_time": 0.3300168514251709, "passed": false}, "2": {"execution_time": 0.47960996627807617, "passed": false}, "3": {"execution_time": 0.5002856254577637, "passed": false}, "4": {"execution_time": 0.5605342388153076, "passed": false}, "5": {"execution_time": 0.4870774745941162, "passed": false}, "6": {"execution_time": 0.5575931072235107, "passed": false}, "7": {"execution_time": 1.2440919876098633, "passed": false}, "8": {"execution_time": 0.36305928230285645, "passed": false}, "9": {"execution_time": 0.48678088188171387, "passed": false}, "10": {"execution_time": 0.4967944622039795, "passed": false}, "11": {"execution_time": 0.27841639518737793, "passed": false}, "12": {"execution_time": 0.5942060947418213, "passed": false}, "13": {"execution_time": 0.2744603157043457, "passed": true}, "14": {"execution_time": 0.5294914245605469, "passed": false}, "15": {"execution_time": 0.5307621955871582, "passed": false}, "16": {"execution_time": 0.3502943515777588, "passed": false}, "17": {"execution_time": 0.48716092109680176, "passed": false}, "18": {"execution_time": 0.3204658031463623, "passed": false}, "19": {"execution_time": 0.3087766170501709, "passed": false}, "20": {"execution_time": 0.3298466205596924, "passed": false}, "21": {"execution_time": 0.4300227165222168, "passed": false}, "22": {"execution_time": 0.3195986747741699, "passed": false}, "23": {"execution_time": 0.37067174911499023, "passed": false}, "24": {"execution_time": 0.2784888744354248, "passed": true}, "25": {"execution_time": 0.4945363998413086, "passed": false}, "26": {"execution_time": 0.46634864807128906, "passed": false}, "27": {"execution_time": 0.4992656707763672, "passed": false}, "28": {"execution_time": 0.6672015190124512, "passed": false}, "29": {"execution_time": 0.26294827461242676, "passed": true}}}, "check_style_score": "0/1"}