{"version": "1", "message": "ERROR: Hidden Testcases server unreachable.", "problem_id": "ads2_m16_a1_1", "user_id": "manojbandari", "score": {"sample": {"0": {"execution_time": 0.38567376136779785, "passed": true}, "1": {"execution_time": 0.36716771125793457, "passed": true}, "2": {"execution_time": 0.8379137516021729, "passed": true}, "3": {"execution_time": 0.7574465274810791, "passed": true}, "4": {"execution_time": 1.012817621231079, "passed": true}, "5": {"execution_time": 1.125941276550293, "passed": true}, "6": {"execution_time": 1.186274528503418, "passed": true}, "7": {"execution_time": 0.9551520347595215, "passed": true}, "8": {"execution_time": 0.5672366619110107, "passed": true}, "9": {"execution_time": 1.195737600326538, "passed": true}, "10": {"execution_time": 1.3932685852050781, "passed": true}, "11": {"execution_time": 5.278850555419922, "passed": true}, "12": {"execution_time": 0.7701818943023682, "passed": true}, "13": {"execution_time": 0.4535813331604004, "passed": true}, "14": {"execution_time": 0.6763997077941895, "passed": true}, "15": {"execution_time": 0.7933049201965332, "passed": true}, "16": {"execution_time": 0.39339566230773926, "passed": true}, "17": {"execution_time": 0.4507942199707031, "passed": true}, "18": {"execution_time": 0.4035220146179199, "passed": true}, "19": {"execution_time": 0.4574248790740967, "passed": true}, "20": {"execution_time": 0.5278799533843994, "passed": true}, "21": {"execution_time": 0.3951113224029541, "passed": true}, "22": {"execution_time": 0.42358970642089844, "passed": true}, "23": {"execution_time": 0.45354390144348145, "passed": true}, "24": {"execution_time": 0.3493692874908447, "passed": true}, "25": {"execution_time": 0.8385753631591797, "passed": true}, "26": {"execution_time": 0.6905324459075928, "passed": true}, "27": {"execution_time": 0.8325648307800293, "passed": true}, "28": {"execution_time": 1.2152643203735352, "passed": true}, "29": {"execution_time": 2.3763439655303955, "passed": true}}}, "check_style_score": "0/1"}