{"version": "1", "message": "ERROR: Hidden Testcases server unreachable.", "problem_id": "ads2_m16_a1_1", "user_id": "manojbandari", "score": {"sample": {"0": {"execution_time": 0.4054534435272217, "passed": true}, "1": {"execution_time": 0.35442399978637695, "passed": true}, "2": {"execution_time": 0.7444171905517578, "passed": true}, "3": {"execution_time": 0.7243621349334717, "passed": true}, "4": {"execution_time": 0.8162016868591309, "passed": true}, "5": {"execution_time": 1.2390921115875244, "passed": true}, "6": {"execution_time": 1.2775304317474365, "passed": true}, "7": {"execution_time": 1.271925687789917, "passed": true}, "8": {"execution_time": 0.5623664855957031, "passed": true}, "9": {"execution_time": 1.6728715896606445, "passed": true}, "10": {"execution_time": 1.6009483337402344, "passed": true}, "11": {"execution_time": 5.324843406677246, "passed": true}, "12": {"execution_time": 0.8035118579864502, "passed": true}, "13": {"execution_time": 1.0271248817443848, "passed": true}, "14": {"execution_time": 1.0909302234649658, "passed": true}, "15": {"execution_time": 0.7510397434234619, "passed": true}, "16": {"execution_time": 0.5497291088104248, "passed": true}, "17": {"execution_time": 0.4286630153656006, "passed": true}, "18": {"execution_time": 0.45530271530151367, "passed": true}, "19": {"execution_time": 0.463165283203125, "passed": true}, "20": {"execution_time": 0.43552637100219727, "passed": true}, "21": {"execution_time": 0.4067206382751465, "passed": true}, "22": {"execution_time": 0.4265882968902588, "passed": true}, "23": {"execution_time": 0.4404430389404297, "passed": true}, "24": {"execution_time": 0.3017606735229492, "passed": true}, "25": {"execution_time": 0.754127025604248, "passed": true}, "26": {"execution_time": 0.6418898105621338, "passed": true}, "27": {"execution_time": 0.8888163566589355, "passed": true}, "28": {"execution_time": 1.1267940998077393, "passed": true}, "29": {"execution_time": 1.1115570068359375, "passed": true}}}, "check_style_score": "0/1"}