{"version": "1", "message": "ERROR: Hidden Testcases server unreachable.", "problem_id": "ads2_m16_a1_1", "user_id": "manojbandari", "score": {"sample": {"0": {"execution_time": 0.3655738830566406, "passed": false}, "1": {"execution_time": 0.283203125, "passed": false}, "2": {"execution_time": 0.49539899826049805, "passed": false}, "3": {"execution_time": 0.4859280586242676, "passed": false}, "4": {"execution_time": 0.5156795978546143, "passed": false}, "5": {"execution_time": 0.6215286254882812, "passed": false}, "6": {"execution_time": 0.5725994110107422, "passed": false}, "7": {"execution_time": 0.478656530380249, "passed": false}, "8": {"execution_time": 0.336867094039917, "passed": false}, "9": {"execution_time": 0.5470952987670898, "passed": false}, "10": {"execution_time": 0.5616140365600586, "passed": false}, "11": {"execution_time": 0.3422050476074219, "passed": false}, "12": {"execution_time": 0.4737253189086914, "passed": false}, "13": {"execution_time": 0.30756187438964844, "passed": true}, "14": {"execution_time": 0.4991335868835449, "passed": false}, "15": {"execution_time": 0.43674564361572266, "passed": false}, "16": {"execution_time": 0.41196489334106445, "passed": false}, "17": {"execution_time": 0.720548152923584, "passed": false}, "18": {"execution_time": 0.3533782958984375, "passed": false}, "19": {"execution_time": 0.3910238742828369, "passed": false}, "20": {"execution_time": 0.44475412368774414, "passed": false}, "21": {"execution_time": 0.38321352005004883, "passed": false}, "22": {"execution_time": 0.3025989532470703, "passed": false}, "23": {"execution_time": 0.3205094337463379, "passed": false}, "24": {"execution_time": 0.238999605178833, "passed": true}, "25": {"execution_time": 0.47078752517700195, "passed": false}, "26": {"execution_time": 0.417222261428833, "passed": false}, "27": {"execution_time": 0.5362367630004883, "passed": false}, "28": {"execution_time": 0.6219360828399658, "passed": false}, "29": {"execution_time": 0.4522972106933594, "passed": false}}}, "check_style_score": "0/1"}