{"version": "1", "message": "ERROR: Hidden Testcases server unreachable.", "problem_id": "ads2_m16_a1_1", "user_id": "manojbandari", "score": {"sample": {"0": {"execution_time": 1.3278834819793701, "passed": true}, "1": {"execution_time": 0.4216296672821045, "passed": true}, "2": {"execution_time": 0.7061598300933838, "passed": true}, "3": {"execution_time": 0.8339653015136719, "passed": true}, "4": {"execution_time": 0.7686119079589844, "passed": true}, "5": {"execution_time": 1.9110603332519531, "passed": true}, "6": {"execution_time": 0.7339935302734375, "passed": true}, "7": {"execution_time": 0.7418735027313232, "passed": true}, "8": {"execution_time": 0.5142669677734375, "passed": true}, "9": {"execution_time": 0.6883242130279541, "passed": true}, "10": {"execution_time": 0.728938102722168, "passed": true}, "11": {"execution_time": 4.230310916900635, "passed": true}, "12": {"execution_time": 0.7193853855133057, "passed": true}, "13": {"execution_time": 0.308734655380249, "passed": true}, "14": {"execution_time": 0.8244547843933105, "passed": true}, "15": {"execution_time": 0.7330303192138672, "passed": true}, "16": {"execution_time": 0.4063270092010498, "passed": true}, "17": {"execution_time": 0.3661031723022461, "passed": true}, "18": {"execution_time": 0.37532830238342285, "passed": true}, "19": {"execution_time": 0.41109418869018555, "passed": true}, "20": {"execution_time": 0.42328429222106934, "passed": true}, "21": {"execution_time": 0.37079548835754395, "passed": true}, "22": {"execution_time": 0.3542509078979492, "passed": true}, "23": {"execution_time": 0.3881099224090576, "passed": true}, "24": {"execution_time": 0.2850069999694824, "passed": true}, "25": {"execution_time": 0.8922605514526367, "passed": true}, "26": {"execution_time": 0.652510404586792, "passed": true}, "27": {"execution_time": 0.7409915924072266, "passed": true}, "28": {"execution_time": 1.0858516693115234, "passed": true}, "29": {"execution_time": 0.27506065368652344, "passed": false}}}, "check_style_score": "0/1"}