{"version": "1", "message": "ERROR: Hidden Testcases server unreachable.", "problem_id": "ads2_m16_a1_1", "user_id": "manojbandari", "score": {"sample": {"0": {"execution_time": 0.6485612392425537, "passed": true}, "1": {"execution_time": 2.5765650272369385, "passed": true}, "2": {"execution_time": 2.4058187007904053, "passed": true}, "3": {"execution_time": 1.3005497455596924, "passed": true}, "4": {"execution_time": 1.3102092742919922, "passed": true}, "5": {"execution_time": 1.4638054370880127, "passed": true}, "6": {"execution_time": 1.3093938827514648, "passed": true}, "7": {"execution_time": 1.3663623332977295, "passed": true}, "8": {"execution_time": 0.8633732795715332, "passed": true}, "9": {"execution_time": 1.3552391529083252, "passed": true}, "10": {"execution_time": 1.4611217975616455, "passed": true}, "11": {"execution_time": 8.016401052474976, "passed": true}, "12": {"execution_time": 1.4913597106933594, "passed": true}, "13": {"execution_time": 1.1052305698394775, "passed": true}, "14": {"execution_time": 1.611243724822998, "passed": true}, "15": {"execution_time": 1.1235942840576172, "passed": true}, "16": {"execution_time": 0.699948787689209, "passed": true}, "17": {"execution_time": 0.7906174659729004, "passed": true}, "18": {"execution_time": 0.8153610229492188, "passed": true}, "19": {"execution_time": 0.7876887321472168, "passed": true}, "20": {"execution_time": 0.8947849273681641, "passed": true}, "21": {"execution_time": 0.5895991325378418, "passed": true}, "22": {"execution_time": 0.6202197074890137, "passed": true}, "23": {"execution_time": 0.7132184505462646, "passed": true}, "24": {"execution_time": 0.4263916015625, "passed": true}, "25": {"execution_time": 1.4275333881378174, "passed": true}, "26": {"execution_time": 1.3230469226837158, "passed": true}, "27": {"execution_time": 1.3258397579193115, "passed": true}, "28": {"execution_time": 2.155550241470337, "passed": true}, "29": {"execution_time": 0.6657862663269043, "passed": false}}}, "check_style_score": "0/1"}