{"version": "1", "message": "ERROR: Hidden Testcases server unreachable.", "problem_id": "ads2_m16_a1_1", "user_id": "manojbandari", "score": {"sample": {"0": {"execution_time": 0.30159664154052734, "passed": true}, "1": {"execution_time": 0.2874636650085449, "passed": true}, "2": {"execution_time": 0.7131071090698242, "passed": true}, "3": {"execution_time": 0.7125833034515381, "passed": true}, "4": {"execution_time": 0.7038764953613281, "passed": true}, "5": {"execution_time": 0.7429819107055664, "passed": true}, "6": {"execution_time": 0.788909912109375, "passed": true}, "7": {"execution_time": 0.7147407531738281, "passed": true}, "8": {"execution_time": 0.42049455642700195, "passed": true}, "9": {"execution_time": 0.7853107452392578, "passed": true}, "10": {"execution_time": 0.7453398704528809, "passed": true}, "11": {"execution_time": 4.1673009395599365, "passed": true}, "12": {"execution_time": 0.7199959754943848, "passed": true}, "13": {"execution_time": 0.3057880401611328, "passed": true}, "14": {"execution_time": 0.7213163375854492, "passed": true}, "15": {"execution_time": 0.744495153427124, "passed": true}, "16": {"execution_time": 0.3657655715942383, "passed": true}, "17": {"execution_time": 0.4127233028411865, "passed": true}, "18": {"execution_time": 0.5621919631958008, "passed": true}, "19": {"execution_time": 0.648390531539917, "passed": true}, "20": {"execution_time": 1.102034091949463, "passed": true}, "21": {"execution_time": 0.4745478630065918, "passed": true}, "22": {"execution_time": 0.4312102794647217, "passed": true}, "23": {"execution_time": 0.5701839923858643, "passed": true}, "24": {"execution_time": 1.2734496593475342, "passed": true}, "25": {"execution_time": 1.4581360816955566, "passed": true}, "26": {"execution_time": 0.6398119926452637, "passed": true}, "27": {"execution_time": 0.8149213790893555, "passed": true}, "28": {"execution_time": 1.0883965492248535, "passed": true}, "29": {"execution_time": 0.3027348518371582, "passed": false}}}, "check_style_score": "0/1"}