{"version": "1", "message": "ERROR: Hidden Testcases server unreachable.", "problem_id": "ads2_m16_a1_1", "user_id": "manojbandari", "score": {"sample": {"0": {"execution_time": 0.31424689292907715, "passed": true}, "1": {"execution_time": 0.30040597915649414, "passed": true}, "2": {"execution_time": 0.7124338150024414, "passed": true}, "3": {"execution_time": 0.7927203178405762, "passed": true}, "4": {"execution_time": 0.7104363441467285, "passed": true}, "5": {"execution_time": 0.7908105850219727, "passed": true}, "6": {"execution_time": 0.7931036949157715, "passed": true}, "7": {"execution_time": 0.7140007019042969, "passed": true}, "8": {"execution_time": 0.40294909477233887, "passed": true}, "9": {"execution_time": 0.7095215320587158, "passed": true}, "10": {"execution_time": 0.6838326454162598, "passed": true}, "11": {"execution_time": 4.114341974258423, "passed": true}, "12": {"execution_time": 0.7261443138122559, "passed": true}, "13": {"execution_time": 0.4736049175262451, "passed": true}, "14": {"execution_time": 0.7021999359130859, "passed": true}, "15": {"execution_time": 0.7202596664428711, "passed": true}, "16": {"execution_time": 0.4000825881958008, "passed": true}, "17": {"execution_time": 0.3613312244415283, "passed": true}, "18": {"execution_time": 0.36281776428222656, "passed": true}, "19": {"execution_time": 0.37587928771972656, "passed": true}, "20": {"execution_time": 0.4023013114929199, "passed": true}, "21": {"execution_time": 0.3777329921722412, "passed": true}, "22": {"execution_time": 0.3585500717163086, "passed": true}, "23": {"execution_time": 0.3904745578765869, "passed": true}, "24": {"execution_time": 0.28003859519958496, "passed": true}, "25": {"execution_time": 0.7773122787475586, "passed": true}, "26": {"execution_time": 0.629359245300293, "passed": true}, "27": {"execution_time": 0.7303767204284668, "passed": true}, "28": {"execution_time": 1.1175744533538818, "passed": true}, "29": {"execution_time": 0.2781970500946045, "passed": true}}}, "check_style_score": "0/1"}