{"version": "1", "message": "ERROR: Hidden Testcases server unreachable.", "problem_id": "ads2_m16_a1_1", "user_id": "manojbandari", "score": {"sample": {"0": {"execution_time": 0.6049833297729492, "passed": true}, "1": {"execution_time": 0.5212078094482422, "passed": true}, "2": {"execution_time": 1.1930534839630127, "passed": true}, "3": {"execution_time": 1.1497666835784912, "passed": true}, "4": {"execution_time": 1.4118189811706543, "passed": true}, "5": {"execution_time": 1.2049975395202637, "passed": true}, "6": {"execution_time": 1.2851264476776123, "passed": true}, "7": {"execution_time": 1.0929584503173828, "passed": true}, "8": {"execution_time": 0.48225903511047363, "passed": true}, "9": {"execution_time": 0.8686046600341797, "passed": true}, "10": {"execution_time": 1.2949447631835938, "passed": true}, "11": {"execution_time": 8.691564083099365, "passed": true}, "12": {"execution_time": 1.2955067157745361, "passed": true}, "13": {"execution_time": 0.7151174545288086, "passed": true}, "14": {"execution_time": 1.5460882186889648, "passed": true}, "15": {"execution_time": 1.4778752326965332, "passed": true}, "16": {"execution_time": 0.7610385417938232, "passed": true}, "17": {"execution_time": 0.6225533485412598, "passed": true}, "18": {"execution_time": 0.7553350925445557, "passed": true}, "19": {"execution_time": 0.7886497974395752, "passed": true}, "20": {"execution_time": 0.9417760372161865, "passed": true}, "21": {"execution_time": 0.610541820526123, "passed": true}, "22": {"execution_time": 0.5768771171569824, "passed": true}, "23": {"execution_time": 0.8112471103668213, "passed": true}, "24": {"execution_time": 0.497150182723999, "passed": true}, "25": {"execution_time": 1.2904624938964844, "passed": true}, "26": {"execution_time": 1.084763765335083, "passed": true}, "27": {"execution_time": 1.4749674797058105, "passed": true}, "28": {"execution_time": 1.9178788661956787, "passed": true}, "29": {"execution_time": 0.43134212493896484, "passed": false}}}, "check_style_score": "0/1"}