{"version": "1", "message": "ERROR: Hidden Testcases server unreachable.", "problem_id": "ads2_m16_a1_1", "user_id": "manojbandari", "score": {"sample": {"0": {"execution_time": 0.6733713150024414, "passed": true}, "1": {"execution_time": 0.7374019622802734, "passed": true}, "2": {"execution_time": 1.093348741531372, "passed": true}, "3": {"execution_time": 1.5474553108215332, "passed": true}, "4": {"execution_time": 1.56005859375, "passed": true}, "5": {"execution_time": 0.9789519309997559, "passed": true}, "6": {"execution_time": 0.8972804546356201, "passed": true}, "7": {"execution_time": 0.9010400772094727, "passed": true}, "8": {"execution_time": 0.7326726913452148, "passed": true}, "9": {"execution_time": 1.3266844749450684, "passed": true}, "10": {"execution_time": 0.8152616024017334, "passed": true}, "11": {"execution_time": 5.1068902015686035, "passed": true}, "12": {"execution_time": 0.8052413463592529, "passed": true}, "13": {"execution_time": 0.5371859073638916, "passed": true}, "14": {"execution_time": 0.9785311222076416, "passed": true}, "15": {"execution_time": 0.9204790592193604, "passed": true}, "16": {"execution_time": 0.6206774711608887, "passed": true}, "17": {"execution_time": 0.6366701126098633, "passed": true}, "18": {"execution_time": 0.5736613273620605, "passed": true}, "19": {"execution_time": 0.4220445156097412, "passed": true}, "20": {"execution_time": 0.5606091022491455, "passed": true}, "21": {"execution_time": 0.5246679782867432, "passed": true}, "22": {"execution_time": 0.6291863918304443, "passed": true}, "23": {"execution_time": 0.6404266357421875, "passed": true}, "24": {"execution_time": 0.45531153678894043, "passed": true}, "25": {"execution_time": 0.8742029666900635, "passed": true}, "26": {"execution_time": 0.867351770401001, "passed": true}, "27": {"execution_time": 0.9959292411804199, "passed": true}, "28": {"execution_time": 1.2395689487457275, "passed": true}, "29": {"execution_time": 1.1671953201293945, "passed": true}}}, "check_style_score": "0/1"}