{"version": "1", "message": "ERROR: Hidden Testcases server unreachable.", "problem_id": "ads2_m16_a1_1", "user_id": "manojbandari", "score": {"sample": {"0": {"execution_time": 0.33185338973999023, "passed": true}, "1": {"execution_time": 0.3049314022064209, "passed": true}, "2": {"execution_time": 0.6916954517364502, "passed": true}, "3": {"execution_time": 0.7585716247558594, "passed": true}, "4": {"execution_time": 0.7841432094573975, "passed": true}, "5": {"execution_time": 0.7959527969360352, "passed": true}, "6": {"execution_time": 0.7376117706298828, "passed": true}, "7": {"execution_time": 0.7199985980987549, "passed": true}, "8": {"execution_time": 0.45311403274536133, "passed": true}, "9": {"execution_time": 0.6900539398193359, "passed": true}, "10": {"execution_time": 0.7786755561828613, "passed": true}, "11": {"execution_time": 4.194248199462891, "passed": true}, "12": {"execution_time": 0.7063229084014893, "passed": true}, "13": {"execution_time": 0.300126314163208, "passed": true}, "14": {"execution_time": 0.6879465579986572, "passed": true}, "15": {"execution_time": 0.7420651912689209, "passed": true}, "16": {"execution_time": 0.40433549880981445, "passed": true}, "17": {"execution_time": 0.5292983055114746, "passed": true}, "18": {"execution_time": 0.40729713439941406, "passed": true}, "19": {"execution_time": 0.39292287826538086, "passed": true}, "20": {"execution_time": 0.4079475402832031, "passed": true}, "21": {"execution_time": 0.40759897232055664, "passed": true}, "22": {"execution_time": 0.39981937408447266, "passed": true}, "23": {"execution_time": 1.1941494941711426, "passed": true}, "24": {"execution_time": 0.6309812068939209, "passed": true}, "25": {"execution_time": 0.7365701198577881, "passed": true}, "26": {"execution_time": 0.5945858955383301, "passed": true}, "27": {"execution_time": 0.7401044368743896, "passed": true}, "28": {"execution_time": 1.1560049057006836, "passed": true}, "29": {"execution_time": 0.21237945556640625, "passed": false}}}, "check_style_score": "0/1"}