{"version": "1", "message": "ERROR: Hidden Testcases server unreachable.", "problem_id": "ads2_m16_a1_1", "user_id": "manojbandari", "score": {"sample": {"0": {"execution_time": 0.9415135383605957, "passed": true}, "1": {"execution_time": 0.7839400768280029, "passed": true}, "2": {"execution_time": 1.2307302951812744, "passed": true}, "3": {"execution_time": 1.2802600860595703, "passed": true}, "4": {"execution_time": 1.4930999279022217, "passed": true}, "5": {"execution_time": 1.3453524112701416, "passed": true}, "6": {"execution_time": 1.3140077590942383, "passed": true}, "7": {"execution_time": 1.5773024559020996, "passed": true}, "8": {"execution_time": 0.9949054718017578, "passed": true}, "9": {"execution_time": 1.2534072399139404, "passed": true}, "10": {"execution_time": 1.516594648361206, "passed": true}, "11": {"execution_time": 5.412782192230225, "passed": true}, "12": {"execution_time": 1.4248650074005127, "passed": true}, "13": {"execution_time": 0.6902031898498535, "passed": true}, "14": {"execution_time": 1.2849624156951904, "passed": true}, "15": {"execution_time": 1.2860302925109863, "passed": true}, "16": {"execution_time": 0.9020671844482422, "passed": true}, "17": {"execution_time": 0.754204511642456, "passed": true}, "18": {"execution_time": 0.8638536930084229, "passed": true}, "19": {"execution_time": 0.8240106105804443, "passed": true}, "20": {"execution_time": 0.9433701038360596, "passed": true}, "21": {"execution_time": 0.8958830833435059, "passed": true}, "22": {"execution_time": 0.7721996307373047, "passed": true}, "23": {"execution_time": 0.7167301177978516, "passed": true}, "24": {"execution_time": 0.7444183826446533, "passed": true}, "25": {"execution_time": 1.2028403282165527, "passed": true}, "26": {"execution_time": 1.011054515838623, "passed": true}, "27": {"execution_time": 1.2890241146087646, "passed": true}, "28": {"execution_time": 1.2624311447143555, "passed": true}, "29": {"execution_time": 0.5846481323242188, "passed": false}}}, "check_style_score": "0/1"}