{"version": "1", "message": "ERROR: Hidden Testcases server unreachable.", "problem_id": "ads2_m16_a1_1", "user_id": "manojbandari", "score": {"sample": {"0": {"execution_time": 0.3091115951538086, "passed": true}, "1": {"execution_time": 0.3856968879699707, "passed": true}, "2": {"execution_time": 0.6985526084899902, "passed": true}, "3": {"execution_time": 0.8128848075866699, "passed": true}, "4": {"execution_time": 0.7336087226867676, "passed": true}, "5": {"execution_time": 0.7542474269866943, "passed": true}, "6": {"execution_time": 0.7698607444763184, "passed": true}, "7": {"execution_time": 0.7058813571929932, "passed": true}, "8": {"execution_time": 0.3944580554962158, "passed": true}, "9": {"execution_time": 0.7091891765594482, "passed": true}, "10": {"execution_time": 0.7047960758209229, "passed": true}, "11": {"execution_time": 4.0834739208221436, "passed": true}, "12": {"execution_time": 0.7219939231872559, "passed": true}, "13": {"execution_time": 0.3840672969818115, "passed": true}, "14": {"execution_time": 0.7021079063415527, "passed": true}, "15": {"execution_time": 0.6999008655548096, "passed": true}, "16": {"execution_time": 0.36123132705688477, "passed": true}, "17": {"execution_time": 0.43547511100769043, "passed": true}, "18": {"execution_time": 0.3713698387145996, "passed": true}, "19": {"execution_time": 0.3887479305267334, "passed": true}, "20": {"execution_time": 0.3882424831390381, "passed": true}, "21": {"execution_time": 0.35970473289489746, "passed": true}, "22": {"execution_time": 0.35216641426086426, "passed": true}, "23": {"execution_time": 0.36414265632629395, "passed": true}, "24": {"execution_time": 0.8797941207885742, "passed": true}, "25": {"execution_time": 2.0027334690093994, "passed": true}, "26": {"execution_time": 0.5927317142486572, "passed": true}, "27": {"execution_time": 0.7362387180328369, "passed": true}, "28": {"execution_time": 1.1165356636047363, "passed": true}, "29": {"execution_time": 0.27437472343444824, "passed": false}}}, "check_style_score": "0/1"}