{"version": "1", "message": "ERROR: Hidden Testcases server unreachable.", "problem_id": "ads2_m16_a1_1", "user_id": "manojbandari", "score": {"sample": {"0": {"execution_time": 0.3438138961791992, "passed": true}, "1": {"execution_time": 0.42723727226257324, "passed": true}, "2": {"execution_time": 0.8094511032104492, "passed": true}, "3": {"execution_time": 0.7822239398956299, "passed": true}, "4": {"execution_time": 0.7653720378875732, "passed": true}, "5": {"execution_time": 0.7379333972930908, "passed": true}, "6": {"execution_time": 1.066303014755249, "passed": true}, "7": {"execution_time": 0.849480152130127, "passed": true}, "8": {"execution_time": 0.47849178314208984, "passed": true}, "9": {"execution_time": 0.7436683177947998, "passed": true}, "10": {"execution_time": 0.749704122543335, "passed": true}, "11": {"execution_time": 4.310381174087524, "passed": true}, "12": {"execution_time": 0.8995335102081299, "passed": true}, "13": {"execution_time": 0.3623843193054199, "passed": true}, "14": {"execution_time": 0.8414866924285889, "passed": true}, "15": {"execution_time": 0.9649741649627686, "passed": true}, "16": {"execution_time": 0.4026365280151367, "passed": true}, "17": {"execution_time": 0.4608447551727295, "passed": true}, "18": {"execution_time": 0.447068452835083, "passed": true}, "19": {"execution_time": 0.47800636291503906, "passed": true}, "20": {"execution_time": 0.46562790870666504, "passed": true}, "21": {"execution_time": 0.41258883476257324, "passed": true}, "22": {"execution_time": 0.45650696754455566, "passed": true}, "23": {"execution_time": 0.4109072685241699, "passed": true}, "24": {"execution_time": 0.387622594833374, "passed": true}, "25": {"execution_time": 0.8816587924957275, "passed": true}, "26": {"execution_time": 0.693037748336792, "passed": true}, "27": {"execution_time": 0.7410948276519775, "passed": true}, "28": {"execution_time": 1.119558334350586, "passed": true}, "29": {"execution_time": 0.9095487594604492, "passed": true}}}, "check_style_score": "0/1"}