{"version": "1", "message": "ERROR: Hidden Testcases server unreachable.", "problem_id": "ads2_m16_a1_1", "user_id": "manojbandari", "score": {"sample": {"0": {"execution_time": 0.30907583236694336, "passed": true}, "1": {"execution_time": 0.42033982276916504, "passed": true}, "2": {"execution_time": 0.7307133674621582, "passed": true}, "3": {"execution_time": 0.7759852409362793, "passed": true}, "4": {"execution_time": 0.6934988498687744, "passed": true}, "5": {"execution_time": 0.7377903461456299, "passed": true}, "6": {"execution_time": 0.8359899520874023, "passed": true}, "7": {"execution_time": 0.9071846008300781, "passed": true}, "8": {"execution_time": 0.3828122615814209, "passed": true}, "9": {"execution_time": 0.7085707187652588, "passed": true}, "10": {"execution_time": 0.7203326225280762, "passed": true}, "11": {"execution_time": 4.457853555679321, "passed": true}, "12": {"execution_time": 0.7429683208465576, "passed": true}, "13": {"execution_time": 0.3866136074066162, "passed": true}, "14": {"execution_time": 0.7070329189300537, "passed": true}, "15": {"execution_time": 0.9349949359893799, "passed": true}, "16": {"execution_time": 0.3742532730102539, "passed": true}, "17": {"execution_time": 0.44130778312683105, "passed": true}, "18": {"execution_time": 0.3442349433898926, "passed": true}, "19": {"execution_time": 0.7038908004760742, "passed": true}, "20": {"execution_time": 0.38894224166870117, "passed": true}, "21": {"execution_time": 0.3318660259246826, "passed": true}, "22": {"execution_time": 0.35473036766052246, "passed": true}, "23": {"execution_time": 0.37787318229675293, "passed": true}, "24": {"execution_time": 0.31397485733032227, "passed": true}, "25": {"execution_time": 0.7109677791595459, "passed": true}, "26": {"execution_time": 0.613391637802124, "passed": true}, "27": {"execution_time": 0.8739786148071289, "passed": true}, "28": {"execution_time": 1.1356794834136963, "passed": true}, "29": {"execution_time": 0.27040791511535645, "passed": false}}}, "check_style_score": "0/1"}