{"version": "1", "message": "ERROR: Hidden Testcases server unreachable.", "problem_id": "ads2_m16_a1_1", "user_id": "manojbandari", "score": {"sample": {"0": {"execution_time": 0.5847177505493164, "passed": true}, "1": {"execution_time": 0.589531660079956, "passed": true}, "2": {"execution_time": 1.124119758605957, "passed": true}, "3": {"execution_time": 1.1946861743927002, "passed": true}, "4": {"execution_time": 1.0635721683502197, "passed": true}, "5": {"execution_time": 1.078702449798584, "passed": true}, "6": {"execution_time": 1.1372249126434326, "passed": true}, "7": {"execution_time": 1.1492154598236084, "passed": true}, "8": {"execution_time": 0.623542070388794, "passed": true}, "9": {"execution_time": 1.055220603942871, "passed": true}, "10": {"execution_time": 1.0603644847869873, "passed": true}, "11": {"execution_time": 6.687394618988037, "passed": true}, "12": {"execution_time": 0.9837121963500977, "passed": true}, "13": {"execution_time": 0.5762362480163574, "passed": true}, "14": {"execution_time": 1.1133956909179688, "passed": true}, "15": {"execution_time": 1.1598429679870605, "passed": true}, "16": {"execution_time": 0.5384821891784668, "passed": true}, "17": {"execution_time": 0.5476243495941162, "passed": true}, "18": {"execution_time": 0.538461446762085, "passed": true}, "19": {"execution_time": 0.9041986465454102, "passed": true}, "20": {"execution_time": 0.5894653797149658, "passed": true}, "21": {"execution_time": 0.5548160076141357, "passed": true}, "22": {"execution_time": 0.5204489231109619, "passed": true}, "23": {"execution_time": 0.5490238666534424, "passed": true}, "24": {"execution_time": 0.3972320556640625, "passed": true}, "25": {"execution_time": 1.1266050338745117, "passed": true}, "26": {"execution_time": 0.9039504528045654, "passed": true}, "27": {"execution_time": 1.2897582054138184, "passed": true}, "28": {"execution_time": 1.6973001956939697, "passed": true}, "29": {"execution_time": 1.574350118637085, "passed": true}}}, "check_style_score": "0/1"}