{"version": "1", "message": "ERROR: Hidden Testcases server unreachable.", "problem_id": "ads2_m16_a1_1", "user_id": "manojbandari", "score": {"sample": {"0": {"execution_time": 0.6330997943878174, "passed": true}, "1": {"execution_time": 0.3649024963378906, "passed": true}, "2": {"execution_time": 1.1913444995880127, "passed": true}, "3": {"execution_time": 0.8974053859710693, "passed": true}, "4": {"execution_time": 0.8840808868408203, "passed": true}, "5": {"execution_time": 1.0508966445922852, "passed": true}, "6": {"execution_time": 1.063450574874878, "passed": true}, "7": {"execution_time": 1.1223576068878174, "passed": true}, "8": {"execution_time": 0.6153819561004639, "passed": true}, "9": {"execution_time": 1.001439094543457, "passed": true}, "10": {"execution_time": 0.9868199825286865, "passed": true}, "11": {"execution_time": 5.000214099884033, "passed": true}, "12": {"execution_time": 0.7718055248260498, "passed": true}, "13": {"execution_time": 0.5879848003387451, "passed": true}, "14": {"execution_time": 1.038329839706421, "passed": true}, "15": {"execution_time": 0.731043815612793, "passed": true}, "16": {"execution_time": 0.6022584438323975, "passed": true}, "17": {"execution_time": 0.7382745742797852, "passed": true}, "18": {"execution_time": 0.704838752746582, "passed": true}, "19": {"execution_time": 0.40137147903442383, "passed": true}, "20": {"execution_time": 0.45996737480163574, "passed": true}, "21": {"execution_time": 0.7145876884460449, "passed": true}, "22": {"execution_time": 0.6727221012115479, "passed": true}, "23": {"execution_time": 0.3942549228668213, "passed": true}, "24": {"execution_time": 0.619478702545166, "passed": true}, "25": {"execution_time": 0.949429988861084, "passed": true}, "26": {"execution_time": 0.7542555332183838, "passed": true}, "27": {"execution_time": 1.0973434448242188, "passed": true}, "28": {"execution_time": 1.4554243087768555, "passed": true}, "29": {"execution_time": 0.98838210105896, "passed": true}}}, "check_style_score": "0/1"}