{"version": "1", "message": "ERROR: Hidden Testcases server unreachable.", "problem_id": "ads2_m16_a1_1", "user_id": "manojbandari", "score": {"sample": {"0": {"execution_time": 0.5283050537109375, "passed": true}, "1": {"execution_time": 0.49338269233703613, "passed": true}, "2": {"execution_time": 1.0722901821136475, "passed": true}, "3": {"execution_time": 1.1654069423675537, "passed": true}, "4": {"execution_time": 1.2334816455841064, "passed": true}, "5": {"execution_time": 1.0210554599761963, "passed": true}, "6": {"execution_time": 1.0196514129638672, "passed": true}, "7": {"execution_time": 1.0315196514129639, "passed": true}, "8": {"execution_time": 0.5965404510498047, "passed": true}, "9": {"execution_time": 1.0398240089416504, "passed": true}, "10": {"execution_time": 1.0033469200134277, "passed": true}, "11": {"execution_time": 4.961909294128418, "passed": true}, "12": {"execution_time": 0.9584381580352783, "passed": true}, "13": {"execution_time": 0.36509037017822266, "passed": true}, "14": {"execution_time": 0.9445235729217529, "passed": true}, "15": {"execution_time": 0.8576383590698242, "passed": true}, "16": {"execution_time": 0.586698055267334, "passed": true}, "17": {"execution_time": 0.5659186840057373, "passed": true}, "18": {"execution_time": 1.10923171043396, "passed": true}, "19": {"execution_time": 0.5388314723968506, "passed": true}, "20": {"execution_time": 0.6145391464233398, "passed": true}, "21": {"execution_time": 0.5652499198913574, "passed": true}, "22": {"execution_time": 0.544715166091919, "passed": true}, "23": {"execution_time": 0.5550451278686523, "passed": true}, "24": {"execution_time": 0.6024878025054932, "passed": true}, "25": {"execution_time": 1.149601936340332, "passed": true}, "26": {"execution_time": 0.9122586250305176, "passed": true}, "27": {"execution_time": 1.163287878036499, "passed": true}, "28": {"execution_time": 1.8510658740997314, "passed": true}, "29": {"execution_time": 1.60990571975708, "passed": true}}}, "check_style_score": "0/1"}