{"version": "1", "message": "ERROR: Hidden Testcases server unreachable.", "problem_id": "ads2_m16_a1_1", "user_id": "manojbandari", "score": {"sample": {"0": {"execution_time": 0.3282637596130371, "passed": true}, "1": {"execution_time": 0.3617367744445801, "passed": true}, "2": {"execution_time": 0.7342369556427002, "passed": true}, "3": {"execution_time": 0.6876933574676514, "passed": true}, "4": {"execution_time": 0.7447555065155029, "passed": true}, "5": {"execution_time": 0.7662389278411865, "passed": true}, "6": {"execution_time": 0.746516227722168, "passed": true}, "7": {"execution_time": 0.7704918384552002, "passed": true}, "8": {"execution_time": 0.4177839756011963, "passed": true}, "9": {"execution_time": 0.7631146907806396, "passed": true}, "10": {"execution_time": 0.6892886161804199, "passed": true}, "11": {"execution_time": 4.139995098114014, "passed": true}, "12": {"execution_time": 0.7414035797119141, "passed": true}, "13": {"execution_time": 0.324199914932251, "passed": true}, "14": {"execution_time": 0.7775084972381592, "passed": true}, "15": {"execution_time": 0.7274343967437744, "passed": true}, "16": {"execution_time": 0.363323450088501, "passed": true}, "17": {"execution_time": 0.484544038772583, "passed": true}, "18": {"execution_time": 0.35458946228027344, "passed": true}, "19": {"execution_time": 0.4288763999938965, "passed": true}, "20": {"execution_time": 0.4466743469238281, "passed": true}, "21": {"execution_time": 0.34918689727783203, "passed": true}, "22": {"execution_time": 0.34917426109313965, "passed": true}, "23": {"execution_time": 0.3851664066314697, "passed": true}, "24": {"execution_time": 0.31057167053222656, "passed": true}, "25": {"execution_time": 0.7932033538818359, "passed": true}, "26": {"execution_time": 0.6028976440429688, "passed": true}, "27": {"execution_time": 0.7517917156219482, "passed": true}, "28": {"execution_time": 1.1313016414642334, "passed": true}, "29": {"execution_time": 0.2761881351470947, "passed": false}}}, "check_style_score": "0/1"}