{"version": "1", "message": "ERROR: Hidden Testcases server unreachable.", "problem_id": "ads2_m16_a1_1", "user_id": "manojbandari", "score": {"sample": {"0": {"execution_time": 0.8388290405273438, "passed": false}, "1": {"execution_time": 0.29119372367858887, "passed": false}, "2": {"execution_time": 0.4851970672607422, "passed": false}, "3": {"execution_time": 0.5727560520172119, "passed": false}, "4": {"execution_time": 0.924569845199585, "passed": false}, "5": {"execution_time": 0.500985860824585, "passed": false}, "6": {"execution_time": 0.4738304615020752, "passed": false}, "7": {"execution_time": 0.4796183109283447, "passed": false}, "8": {"execution_time": 0.34998297691345215, "passed": false}, "9": {"execution_time": 0.5641794204711914, "passed": false}, "10": {"execution_time": 0.49564075469970703, "passed": false}, "11": {"execution_time": 0.3248434066772461, "passed": false}, "12": {"execution_time": 0.5036754608154297, "passed": false}, "13": {"execution_time": 0.3009824752807617, "passed": true}, "14": {"execution_time": 0.46479272842407227, "passed": false}, "15": {"execution_time": 0.5352232456207275, "passed": false}, "16": {"execution_time": 0.375720739364624, "passed": false}, "17": {"execution_time": 2.0006330013275146, "passed": false}, "18": {"execution_time": 0.8799958229064941, "passed": false}, "19": {"execution_time": 0.31849026679992676, "passed": false}, "20": {"execution_time": 0.3115706443786621, "passed": false}, "21": {"execution_time": 0.34031176567077637, "passed": false}, "22": {"execution_time": 0.35277628898620605, "passed": false}, "23": {"execution_time": 0.6612200736999512, "passed": false}, "24": {"execution_time": 0.24594378471374512, "passed": true}, "25": {"execution_time": 0.478740930557251, "passed": false}, "26": {"execution_time": 0.43054962158203125, "passed": false}, "27": {"execution_time": 0.47395896911621094, "passed": false}, "28": {"execution_time": 0.6136324405670166, "passed": false}, "29": {"execution_time": 0.30095458030700684, "passed": false}}}, "check_style_score": "0/1"}