{"version": "1", "message": "ERROR: Hidden Testcases server unreachable.", "problem_id": "ads2_m16_a1_1", "user_id": "manojbandari", "score": {"sample": {"0": {"execution_time": 0.6673643589019775, "passed": true}, "1": {"execution_time": 0.4759199619293213, "passed": true}, "2": {"execution_time": 1.577998161315918, "passed": true}, "3": {"execution_time": 2.0410921573638916, "passed": true}, "4": {"execution_time": 1.6817963123321533, "passed": true}, "5": {"execution_time": 1.1682686805725098, "passed": true}, "6": {"execution_time": 1.1588053703308105, "passed": true}, "7": {"execution_time": 1.2021081447601318, "passed": true}, "8": {"execution_time": 0.8229835033416748, "passed": true}, "9": {"execution_time": 1.1507186889648438, "passed": true}, "10": {"execution_time": 1.2400188446044922, "passed": true}, "11": {"execution_time": 8.580190181732178, "passed": true}, "12": {"execution_time": 1.335740566253662, "passed": true}, "13": {"execution_time": 0.46720290184020996, "passed": true}, "14": {"execution_time": 1.2608513832092285, "passed": true}, "15": {"execution_time": 1.1419806480407715, "passed": true}, "16": {"execution_time": 0.5633175373077393, "passed": true}, "17": {"execution_time": 0.7316145896911621, "passed": true}, "18": {"execution_time": 0.6280736923217773, "passed": true}, "19": {"execution_time": 0.6177840232849121, "passed": true}, "20": {"execution_time": 0.7002534866333008, "passed": true}, "21": {"execution_time": 0.5779838562011719, "passed": true}, "22": {"execution_time": 0.65836501121521, "passed": true}, "23": {"execution_time": 0.5696310997009277, "passed": true}, "24": {"execution_time": 0.4968597888946533, "passed": true}, "25": {"execution_time": 1.1863007545471191, "passed": true}, "26": {"execution_time": 0.9941198825836182, "passed": true}, "27": {"execution_time": 1.9841980934143066, "passed": true}, "28": {"execution_time": 2.000182628631592, "passed": true}, "29": {"execution_time": 1.8022658824920654, "passed": true}}}, "check_style_score": "0/1"}