{"version": "1", "message": "ERROR: Hidden Testcases server unreachable.", "problem_id": "ads2_m16_a1_1", "user_id": "manojbandari", "score": {"sample": {"0": {"execution_time": 0.4066779613494873, "passed": true}, "1": {"execution_time": 0.37130260467529297, "passed": true}, "2": {"execution_time": 1.005380392074585, "passed": true}, "3": {"execution_time": 0.7804358005523682, "passed": true}, "4": {"execution_time": 0.7674779891967773, "passed": true}, "5": {"execution_time": 0.8485720157623291, "passed": true}, "6": {"execution_time": 0.8451836109161377, "passed": true}, "7": {"execution_time": 1.0506315231323242, "passed": true}, "8": {"execution_time": 0.4792778491973877, "passed": true}, "9": {"execution_time": 0.7979907989501953, "passed": true}, "10": {"execution_time": 0.8158774375915527, "passed": true}, "11": {"execution_time": 4.538242816925049, "passed": true}, "12": {"execution_time": 0.7591917514801025, "passed": true}, "13": {"execution_time": 0.32585668563842773, "passed": true}, "14": {"execution_time": 0.83685302734375, "passed": true}, "15": {"execution_time": 0.8335886001586914, "passed": true}, "16": {"execution_time": 0.4149951934814453, "passed": true}, "17": {"execution_time": 0.3700442314147949, "passed": true}, "18": {"execution_time": 0.3638784885406494, "passed": true}, "19": {"execution_time": 0.40614748001098633, "passed": true}, "20": {"execution_time": 0.4435582160949707, "passed": true}, "21": {"execution_time": 0.4328939914703369, "passed": true}, "22": {"execution_time": 0.4088461399078369, "passed": true}, "23": {"execution_time": 0.5240917205810547, "passed": true}, "24": {"execution_time": 0.9729619026184082, "passed": true}, "25": {"execution_time": 1.5279169082641602, "passed": true}, "26": {"execution_time": 1.0795605182647705, "passed": true}, "27": {"execution_time": 1.4544048309326172, "passed": true}, "28": {"execution_time": 1.2374310493469238, "passed": true}, "29": {"execution_time": 0.3628120422363281, "passed": false}}}, "check_style_score": "0/1"}