{"version": "1", "message": "ERROR: Hidden Testcases server unreachable.", "problem_id": "ads2_m16_a1_1", "user_id": "manojbandari", "score": {"sample": {"0": {"execution_time": 0.547581672668457, "passed": true}, "1": {"execution_time": 0.40558743476867676, "passed": true}, "2": {"execution_time": 1.7643680572509766, "passed": true}, "3": {"execution_time": 0.8356106281280518, "passed": true}, "4": {"execution_time": 0.7898297309875488, "passed": true}, "5": {"execution_time": 0.7892210483551025, "passed": true}, "6": {"execution_time": 0.9093337059020996, "passed": true}, "7": {"execution_time": 0.8341381549835205, "passed": true}, "8": {"execution_time": 0.45940065383911133, "passed": true}, "9": {"execution_time": 0.7918968200683594, "passed": true}, "10": {"execution_time": 0.7674360275268555, "passed": true}, "11": {"execution_time": 4.447063684463501, "passed": true}, "12": {"execution_time": 0.8394992351531982, "passed": true}, "13": {"execution_time": 0.349698543548584, "passed": true}, "14": {"execution_time": 0.8061134815216064, "passed": true}, "15": {"execution_time": 0.8392782211303711, "passed": true}, "16": {"execution_time": 0.5017783641815186, "passed": true}, "17": {"execution_time": 1.5489482879638672, "passed": true}, "18": {"execution_time": 0.42716264724731445, "passed": true}, "19": {"execution_time": 1.703850269317627, "passed": true}, "20": {"execution_time": 0.4250655174255371, "passed": true}, "21": {"execution_time": 0.4463074207305908, "passed": true}, "22": {"execution_time": 0.49145007133483887, "passed": true}, "23": {"execution_time": 0.4146709442138672, "passed": true}, "24": {"execution_time": 0.33602428436279297, "passed": true}, "25": {"execution_time": 0.9310259819030762, "passed": true}, "26": {"execution_time": 0.671262264251709, "passed": true}, "27": {"execution_time": 1.0287973880767822, "passed": true}, "28": {"execution_time": 1.3408799171447754, "passed": true}, "29": {"execution_time": 0.3984823226928711, "passed": false}}}, "check_style_score": "0/1"}