{"version": "1", "message": "ERROR: Hidden Testcases server unreachable.", "problem_id": "ads2_m16_a1_1", "user_id": "manojbandari", "score": {"sample": {"0": {"execution_time": 0.3378891944885254, "passed": false}, "1": {"execution_time": 0.27341508865356445, "passed": false}, "2": {"execution_time": 0.47420835494995117, "passed": false}, "3": {"execution_time": 0.4763460159301758, "passed": false}, "4": {"execution_time": 0.4798140525817871, "passed": false}, "5": {"execution_time": 0.5705256462097168, "passed": false}, "6": {"execution_time": 0.46757960319519043, "passed": false}, "7": {"execution_time": 1.378690481185913, "passed": false}, "8": {"execution_time": 0.39124178886413574, "passed": false}, "9": {"execution_time": 1.15037202835083, "passed": false}, "10": {"execution_time": 0.46160411834716797, "passed": false}, "11": {"execution_time": 0.28558802604675293, "passed": false}, "12": {"execution_time": 0.4642677307128906, "passed": false}, "13": {"execution_time": 0.30077147483825684, "passed": true}, "14": {"execution_time": 0.4671046733856201, "passed": false}, "15": {"execution_time": 0.46581602096557617, "passed": false}, "16": {"execution_time": 0.29541850090026855, "passed": false}, "17": {"execution_time": 0.330960750579834, "passed": false}, "18": {"execution_time": 1.4672327041625977, "passed": false}, "19": {"execution_time": 0.31519293785095215, "passed": false}, "20": {"execution_time": 1.3836371898651123, "passed": false}, "21": {"execution_time": 0.31252193450927734, "passed": false}, "22": {"execution_time": 0.33101511001586914, "passed": false}, "23": {"execution_time": 0.33070850372314453, "passed": false}, "24": {"execution_time": 0.2590174674987793, "passed": true}, "25": {"execution_time": 0.45940709114074707, "passed": false}, "26": {"execution_time": 0.540569543838501, "passed": false}, "27": {"execution_time": 0.6634900569915771, "passed": false}, "28": {"execution_time": 0.7090611457824707, "passed": false}, "29": {"execution_time": 0.291271448135376, "passed": true}}}, "check_style_score": "0/1"}