{"version": "1", "message": "ERROR: Hidden Testcases server unreachable.", "problem_id": "ads2_m16_a1_1", "user_id": "manojbandari", "score": {"sample": {"0": {"execution_time": 0.3085920810699463, "passed": true}, "1": {"execution_time": 0.3328988552093506, "passed": true}, "2": {"execution_time": 0.7209811210632324, "passed": true}, "3": {"execution_time": 0.7005860805511475, "passed": true}, "4": {"execution_time": 0.7005228996276855, "passed": true}, "5": {"execution_time": 0.7882091999053955, "passed": true}, "6": {"execution_time": 0.9214704036712646, "passed": true}, "7": {"execution_time": 0.7308773994445801, "passed": true}, "8": {"execution_time": 0.3965935707092285, "passed": true}, "9": {"execution_time": 0.8373575210571289, "passed": true}, "10": {"execution_time": 0.7136952877044678, "passed": true}, "11": {"execution_time": 4.27789306640625, "passed": true}, "12": {"execution_time": 1.6199424266815186, "passed": true}, "13": {"execution_time": 0.30526041984558105, "passed": true}, "14": {"execution_time": 0.699601411819458, "passed": true}, "15": {"execution_time": 0.7175173759460449, "passed": true}, "16": {"execution_time": 0.3659825325012207, "passed": true}, "17": {"execution_time": 0.4424281120300293, "passed": true}, "18": {"execution_time": 0.41867971420288086, "passed": true}, "19": {"execution_time": 0.3798258304595947, "passed": true}, "20": {"execution_time": 0.40795397758483887, "passed": true}, "21": {"execution_time": 0.3662872314453125, "passed": true}, "22": {"execution_time": 0.359755277633667, "passed": true}, "23": {"execution_time": 0.456329345703125, "passed": true}, "24": {"execution_time": 0.28114748001098633, "passed": true}, "25": {"execution_time": 0.7200717926025391, "passed": true}, "26": {"execution_time": 0.7263076305389404, "passed": true}, "27": {"execution_time": 0.7049803733825684, "passed": true}, "28": {"execution_time": 1.1215038299560547, "passed": true}, "29": {"execution_time": 0.26517343521118164, "passed": false}}}, "check_style_score": "0/1"}