{"version": "1", "message": "ERROR: Hidden Testcases server unreachable.", "problem_id": "ads2_m16_a1_1", "user_id": "manojbandari", "score": {"sample": {"0": {"execution_time": 0.3117070198059082, "passed": false}, "1": {"execution_time": 0.3034627437591553, "passed": false}, "2": {"execution_time": 0.47248291969299316, "passed": false}, "3": {"execution_time": 0.4941387176513672, "passed": false}, "4": {"execution_time": 0.6190416812896729, "passed": false}, "5": {"execution_time": 0.48500514030456543, "passed": false}, "6": {"execution_time": 0.5336053371429443, "passed": false}, "7": {"execution_time": 0.47010064125061035, "passed": false}, "8": {"execution_time": 0.34792542457580566, "passed": false}, "9": {"execution_time": 0.6217172145843506, "passed": false}, "10": {"execution_time": 0.886385440826416, "passed": false}, "11": {"execution_time": 0.2741212844848633, "passed": false}, "12": {"execution_time": 0.5293517112731934, "passed": false}, "13": {"execution_time": 0.35285353660583496, "passed": true}, "14": {"execution_time": 0.5008800029754639, "passed": false}, "15": {"execution_time": 0.5475234985351562, "passed": false}, "16": {"execution_time": 0.4575786590576172, "passed": false}, "17": {"execution_time": 0.41911959648132324, "passed": false}, "18": {"execution_time": 0.4348926544189453, "passed": false}, "19": {"execution_time": 0.33536386489868164, "passed": false}, "20": {"execution_time": 0.3618159294128418, "passed": false}, "21": {"execution_time": 0.31463050842285156, "passed": false}, "22": {"execution_time": 0.3692018985748291, "passed": false}, "23": {"execution_time": 0.3403630256652832, "passed": false}, "24": {"execution_time": 0.2593190670013428, "passed": true}, "25": {"execution_time": 0.5018978118896484, "passed": false}, "26": {"execution_time": 0.483428955078125, "passed": false}, "27": {"execution_time": 0.4602043628692627, "passed": false}, "28": {"execution_time": 0.7545430660247803, "passed": false}, "29": {"execution_time": 0.35054826736450195, "passed": false}}}, "check_style_score": "0/1"}