{"version": "1", "message": "ERROR: Hidden Testcases server unreachable.", "problem_id": "ads2_m16_a1_1", "user_id": "manojbandari", "score": {"sample": {"0": {"execution_time": 0.31235742568969727, "passed": true}, "1": {"execution_time": 0.3287982940673828, "passed": true}, "2": {"execution_time": 0.7069945335388184, "passed": true}, "3": {"execution_time": 0.6866142749786377, "passed": true}, "4": {"execution_time": 0.6884171962738037, "passed": true}, "5": {"execution_time": 0.8057272434234619, "passed": true}, "6": {"execution_time": 0.8203811645507812, "passed": true}, "7": {"execution_time": 0.7380876541137695, "passed": true}, "8": {"execution_time": 0.3592863082885742, "passed": true}, "9": {"execution_time": 0.7279148101806641, "passed": true}, "10": {"execution_time": 0.7706735134124756, "passed": true}, "11": {"execution_time": 4.167884826660156, "passed": true}, "12": {"execution_time": 0.9111711978912354, "passed": true}, "13": {"execution_time": 0.3354201316833496, "passed": true}, "14": {"execution_time": 0.717832088470459, "passed": true}, "15": {"execution_time": 0.7867040634155273, "passed": true}, "16": {"execution_time": 0.39319586753845215, "passed": true}, "17": {"execution_time": 0.38564372062683105, "passed": true}, "18": {"execution_time": 0.4233584403991699, "passed": true}, "19": {"execution_time": 0.4412086009979248, "passed": true}, "20": {"execution_time": 0.4174211025238037, "passed": true}, "21": {"execution_time": 0.4267692565917969, "passed": true}, "22": {"execution_time": 0.3774540424346924, "passed": true}, "23": {"execution_time": 0.36907148361206055, "passed": true}, "24": {"execution_time": 0.31589484214782715, "passed": true}, "25": {"execution_time": 0.7852764129638672, "passed": true}, "26": {"execution_time": 0.615170955657959, "passed": true}, "27": {"execution_time": 0.7885708808898926, "passed": true}, "28": {"execution_time": 1.0670859813690186, "passed": true}, "29": {"execution_time": 0.3462486267089844, "passed": false}}}, "check_style_score": "0/1"}