{"version": "1", "message": "ERROR: Hidden Testcases server unreachable.", "problem_id": "ads2_m16_a1_1", "user_id": "manojbandari", "score": {"sample": {"0": {"execution_time": 0.29703807830810547, "passed": true}, "1": {"execution_time": 0.3032104969024658, "passed": true}, "2": {"execution_time": 0.9002902507781982, "passed": true}, "3": {"execution_time": 0.8290853500366211, "passed": true}, "4": {"execution_time": 0.7110896110534668, "passed": true}, "5": {"execution_time": 0.7733447551727295, "passed": true}, "6": {"execution_time": 0.7521963119506836, "passed": true}, "7": {"execution_time": 0.7240879535675049, "passed": true}, "8": {"execution_time": 0.382110595703125, "passed": true}, "9": {"execution_time": 0.7267708778381348, "passed": true}, "10": {"execution_time": 0.7707889080047607, "passed": true}, "11": {"execution_time": 4.2522993087768555, "passed": true}, "12": {"execution_time": 1.795381784439087, "passed": true}, "13": {"execution_time": 0.28374266624450684, "passed": true}, "14": {"execution_time": 0.699495792388916, "passed": true}, "15": {"execution_time": 0.7048861980438232, "passed": true}, "16": {"execution_time": 1.2043185234069824, "passed": true}, "17": {"execution_time": 0.3528733253479004, "passed": true}, "18": {"execution_time": 0.3763887882232666, "passed": true}, "19": {"execution_time": 1.1365983486175537, "passed": true}, "20": {"execution_time": 1.5708589553833008, "passed": true}, "21": {"execution_time": 1.1826550960540771, "passed": true}, "22": {"execution_time": 0.3718564510345459, "passed": true}, "23": {"execution_time": 0.4524853229522705, "passed": true}, "24": {"execution_time": 1.605726957321167, "passed": true}, "25": {"execution_time": 1.678654670715332, "passed": true}, "26": {"execution_time": 1.004565954208374, "passed": true}, "27": {"execution_time": 1.6310346126556396, "passed": true}, "28": {"execution_time": 2.3296799659729004, "passed": true}, "29": {"execution_time": 0.3907482624053955, "passed": false}}}, "check_style_score": "0/1"}