{"version": "1", "message": "ERROR: Hidden Testcases server unreachable.", "problem_id": "ads2_m16_a1_1", "user_id": "manojbandari", "score": {"sample": {"0": {"execution_time": 0.3546116352081299, "passed": true}, "1": {"execution_time": 0.292849063873291, "passed": true}, "2": {"execution_time": 0.7017726898193359, "passed": true}, "3": {"execution_time": 0.7682919502258301, "passed": true}, "4": {"execution_time": 0.7397818565368652, "passed": true}, "5": {"execution_time": 1.0850651264190674, "passed": true}, "6": {"execution_time": 0.7218964099884033, "passed": true}, "7": {"execution_time": 0.7663061618804932, "passed": true}, "8": {"execution_time": 0.43128490447998047, "passed": true}, "9": {"execution_time": 0.7229697704315186, "passed": true}, "10": {"execution_time": 0.7256209850311279, "passed": true}, "11": {"execution_time": 4.42161750793457, "passed": true}, "12": {"execution_time": 0.730579137802124, "passed": true}, "13": {"execution_time": 0.3011777400970459, "passed": true}, "14": {"execution_time": 0.7041757106781006, "passed": true}, "15": {"execution_time": 0.7115902900695801, "passed": true}, "16": {"execution_time": 0.3619344234466553, "passed": true}, "17": {"execution_time": 0.3428027629852295, "passed": true}, "18": {"execution_time": 0.3645200729370117, "passed": true}, "19": {"execution_time": 0.36157774925231934, "passed": true}, "20": {"execution_time": 0.4136531352996826, "passed": true}, "21": {"execution_time": 0.42687296867370605, "passed": true}, "22": {"execution_time": 0.37693238258361816, "passed": true}, "23": {"execution_time": 0.3826775550842285, "passed": true}, "24": {"execution_time": 0.33385396003723145, "passed": true}, "25": {"execution_time": 0.7347118854522705, "passed": true}, "26": {"execution_time": 0.6491947174072266, "passed": true}, "27": {"execution_time": 0.7926230430603027, "passed": true}, "28": {"execution_time": 1.1452372074127197, "passed": true}, "29": {"execution_time": 0.2700815200805664, "passed": false}}}, "check_style_score": "0/1"}