{"version": "1", "message": "ERROR: Hidden Testcases server unreachable.", "problem_id": "ads2_m16_a1_1", "user_id": "manojbandari", "score": {"sample": {"0": {"execution_time": 0.317793607711792, "passed": true}, "1": {"execution_time": 0.31931328773498535, "passed": true}, "2": {"execution_time": 0.7552428245544434, "passed": true}, "3": {"execution_time": 0.7047832012176514, "passed": true}, "4": {"execution_time": 0.7469828128814697, "passed": true}, "5": {"execution_time": 0.7759194374084473, "passed": true}, "6": {"execution_time": 0.7618348598480225, "passed": true}, "7": {"execution_time": 0.7152750492095947, "passed": true}, "8": {"execution_time": 0.609870433807373, "passed": true}, "9": {"execution_time": 0.776484489440918, "passed": true}, "10": {"execution_time": 0.7590126991271973, "passed": true}, "11": {"execution_time": 4.099040985107422, "passed": true}, "12": {"execution_time": 0.7941527366638184, "passed": true}, "13": {"execution_time": 0.2952840328216553, "passed": true}, "14": {"execution_time": 0.6859197616577148, "passed": true}, "15": {"execution_time": 0.7247397899627686, "passed": true}, "16": {"execution_time": 0.42508816719055176, "passed": true}, "17": {"execution_time": 0.3926513195037842, "passed": true}, "18": {"execution_time": 0.42870235443115234, "passed": true}, "19": {"execution_time": 0.43992114067077637, "passed": true}, "20": {"execution_time": 0.425295352935791, "passed": true}, "21": {"execution_time": 0.42603540420532227, "passed": true}, "22": {"execution_time": 0.34824180603027344, "passed": true}, "23": {"execution_time": 0.36977577209472656, "passed": true}, "24": {"execution_time": 0.28022122383117676, "passed": true}, "25": {"execution_time": 0.8137061595916748, "passed": true}, "26": {"execution_time": 0.6147847175598145, "passed": true}, "27": {"execution_time": 0.7455687522888184, "passed": true}, "28": {"execution_time": 1.1042077541351318, "passed": true}, "29": {"execution_time": 0.2668883800506592, "passed": false}}}, "check_style_score": "0/1"}