{"version": "1", "message": "ERROR: Hidden Testcases server unreachable.", "problem_id": "ads2_m6_a1_1", "user_id": "manojbandari", "score": {"sample": {"0": {"execution_time": 0.6885943412780762, "passed": false}, "1": {"execution_time": 0.5087933540344238, "passed": false}, "2": {"execution_time": 0.6680481433868408, "passed": false}, "3": {"execution_time": 0.700528621673584, "passed": false}, "4": {"execution_time": 0.6514761447906494, "passed": false}, "5": {"execution_time": 0.5097982883453369, "passed": false}, "6": {"execution_time": 0.6113672256469727, "passed": true}, "7": {"execution_time": 0.5321800708770752, "passed": false}, "8": {"execution_time": 0.6329081058502197, "passed": false}, "9": {"execution_time": 0.6836163997650146, "passed": false}, "10": {"execution_time": 0.7524688243865967, "passed": true}, "11": {"execution_time": 0.7452261447906494, "passed": false}}}, "check_style_score": "0/1"}