{"version": "1", "message": "ERROR: Hidden Testcases server unreachable.", "problem_id": "ads2_m6_a1_1", "user_id": "manojbandari", "score": {"sample": {"0": {"execution_time": 0.39343762397766113, "passed": false}, "1": {"execution_time": 0.6145029067993164, "passed": false}, "2": {"execution_time": 0.8599486351013184, "passed": false}, "3": {"execution_time": 0.5427391529083252, "passed": false}, "4": {"execution_time": 0.2926034927368164, "passed": false}, "5": {"execution_time": 0.328488826751709, "passed": false}, "6": {"execution_time": 1.5685405731201172, "passed": false}, "7": {"execution_time": 1.0928378105163574, "passed": false}, "8": {"execution_time": 0.34971117973327637, "passed": false}, "9": {"execution_time": 0.40216684341430664, "passed": false}, "10": {"execution_time": 0.3782484531402588, "passed": false}, "11": {"execution_time": 0.3869609832763672, "passed": false}}}, "check_style_score": "0/1"}