{"version": "1", "message": "ERROR: Hidden Testcases server unreachable.", "problem_id": "ads2_m6_a1_1", "user_id": "manojbandari", "score": {"sample": {"0": {"execution_time": 0.5053238868713379, "passed": false}, "1": {"execution_time": 0.45496535301208496, "passed": false}, "2": {"execution_time": 0.5387611389160156, "passed": false}, "3": {"execution_time": 0.5204129219055176, "passed": false}, "4": {"execution_time": 0.4441385269165039, "passed": false}, "5": {"execution_time": 0.47833871841430664, "passed": false}, "6": {"execution_time": 0.5635483264923096, "passed": true}, "7": {"execution_time": 0.5025420188903809, "passed": false}, "8": {"execution_time": 0.7541012763977051, "passed": false}, "9": {"execution_time": 0.5159385204315186, "passed": false}, "10": {"execution_time": 0.46713757514953613, "passed": true}, "11": {"execution_time": 0.5826065540313721, "passed": false}}}, "check_style_score": "0/1"}