{"version": "1", "message": "ERROR: Hidden Testcases server unreachable.", "problem_id": "ads2_m6_a1_1", "user_id": "manojbandari", "score": {"sample": {"0": {"execution_time": 0.27445316314697266, "passed": false}, "1": {"execution_time": 0.3014042377471924, "passed": false}, "2": {"execution_time": 0.27892637252807617, "passed": false}, "3": {"execution_time": 0.34520483016967773, "passed": false}, "4": {"execution_time": 0.2868621349334717, "passed": false}, "5": {"execution_time": 0.2802093029022217, "passed": false}, "6": {"execution_time": 0.3192861080169678, "passed": false}, "7": {"execution_time": 0.31598329544067383, "passed": false}, "8": {"execution_time": 0.3879213333129883, "passed": false}, "9": {"execution_time": 0.31863880157470703, "passed": false}, "10": {"execution_time": 0.33268022537231445, "passed": false}, "11": {"execution_time": 0.419492244720459, "passed": false}}}, "check_style_score": "0/1"}