{"version": "1", "message": "ERROR: Hidden Testcases server unreachable.", "problem_id": "ads2_m6_a1_1", "user_id": "manojbandari", "score": {"sample": {"0": {"execution_time": 0.3463623523712158, "passed": false}, "1": {"execution_time": 0.33160972595214844, "passed": false}, "2": {"execution_time": 0.3104584217071533, "passed": false}, "3": {"execution_time": 0.38664841651916504, "passed": false}, "4": {"execution_time": 0.30710625648498535, "passed": false}, "5": {"execution_time": 0.3227245807647705, "passed": true}, "6": {"execution_time": 0.48256421089172363, "passed": true}, "7": {"execution_time": 0.34267091751098633, "passed": false}, "8": {"execution_time": 0.32149386405944824, "passed": true}, "9": {"execution_time": 0.3588902950286865, "passed": false}, "10": {"execution_time": 0.2848794460296631, "passed": true}, "11": {"execution_time": 0.39763808250427246, "passed": false}}}, "check_style_score": "0/1"}