{"version": "1", "message": "ERROR: Hidden Testcases server unreachable.", "problem_id": "ads2_m6_a1_1", "user_id": "manojbandari", "score": {"sample": {"0": {"execution_time": 0.834531307220459, "passed": false}, "1": {"execution_time": 0.3179051876068115, "passed": false}, "2": {"execution_time": 0.32738828659057617, "passed": false}, "3": {"execution_time": 0.3037450313568115, "passed": false}, "4": {"execution_time": 0.3633761405944824, "passed": false}, "5": {"execution_time": 0.3614373207092285, "passed": false}, "6": {"execution_time": 0.4245321750640869, "passed": false}, "7": {"execution_time": 0.375835657119751, "passed": false}, "8": {"execution_time": 0.3654766082763672, "passed": false}, "9": {"execution_time": 0.34638524055480957, "passed": false}, "10": {"execution_time": 0.33058738708496094, "passed": false}, "11": {"execution_time": 0.3789970874786377, "passed": false}}}, "check_style_score": "0/1"}