{"version": "1", "message": "ERROR: Hidden Testcases server unreachable.", "problem_id": "ads2_m6_a1_1", "user_id": "manojbandari", "score": {"sample": {"0": {"execution_time": 0.6544947624206543, "passed": false}, "1": {"execution_time": 0.42061328887939453, "passed": false}, "2": {"execution_time": 1.0142767429351807, "passed": false}, "3": {"execution_time": 0.47495365142822266, "passed": false}, "4": {"execution_time": 0.6196365356445312, "passed": false}, "5": {"execution_time": 0.6454439163208008, "passed": false}, "6": {"execution_time": 0.5767452716827393, "passed": true}, "7": {"execution_time": 0.4253721237182617, "passed": false}, "8": {"execution_time": 0.44835567474365234, "passed": false}, "9": {"execution_time": 0.5791590213775635, "passed": false}, "10": {"execution_time": 0.6068849563598633, "passed": true}, "11": {"execution_time": 0.859724760055542, "passed": false}}}, "check_style_score": "0/1"}