{"version": "1", "message": "ERROR: Hidden Testcases server unreachable.", "problem_id": "ads2_m6_a1_1", "user_id": "manojbandari", "score": {"sample": {"0": {"execution_time": 0.4102950096130371, "passed": false}, "1": {"execution_time": 0.46114182472229004, "passed": false}, "2": {"execution_time": 0.3344879150390625, "passed": false}, "3": {"execution_time": 0.34880733489990234, "passed": false}, "4": {"execution_time": 0.5093059539794922, "passed": false}, "5": {"execution_time": 0.3399488925933838, "passed": false}, "6": {"execution_time": 0.3362109661102295, "passed": true}, "7": {"execution_time": 0.3281393051147461, "passed": false}, "8": {"execution_time": 0.31644105911254883, "passed": true}, "9": {"execution_time": 0.3698267936706543, "passed": false}, "10": {"execution_time": 0.6493761539459229, "passed": true}, "11": {"execution_time": 0.3376328945159912, "passed": false}}}, "check_style_score": "0/1"}