{"version": "1", "message": "ERROR: Hidden Testcases server unreachable.", "problem_id": "ads2_m6_a1_1", "user_id": "manojbandari", "score": {"sample": {"0": {"execution_time": 0.5280413627624512, "passed": false}, "1": {"execution_time": 0.36237239837646484, "passed": false}, "2": {"execution_time": 0.3127481937408447, "passed": false}, "3": {"execution_time": 0.30098557472229004, "passed": false}, "4": {"execution_time": 0.2911224365234375, "passed": false}, "5": {"execution_time": 0.42127037048339844, "passed": false}, "6": {"execution_time": 0.3022425174713135, "passed": false}, "7": {"execution_time": 0.3027639389038086, "passed": false}, "8": {"execution_time": 0.3155357837677002, "passed": false}, "9": {"execution_time": 0.31423068046569824, "passed": false}, "10": {"execution_time": 0.38696837425231934, "passed": false}, "11": {"execution_time": 0.33565831184387207, "passed": false}}}, "check_style_score": "0/1"}