{"version": "1", "message": "ERROR: Hidden Testcases server unreachable.", "problem_id": "ads2_m6_a1_1", "user_id": "manojbandari", "score": {"sample": {"0": {"execution_time": 0.47586488723754883, "passed": false}, "1": {"execution_time": 0.4557008743286133, "passed": false}, "2": {"execution_time": 0.46803712844848633, "passed": false}, "3": {"execution_time": 0.6702125072479248, "passed": false}, "4": {"execution_time": 0.46479320526123047, "passed": false}, "5": {"execution_time": 0.6137387752532959, "passed": false}, "6": {"execution_time": 0.53253173828125, "passed": true}, "7": {"execution_time": 0.6278970241546631, "passed": false}, "8": {"execution_time": 0.4256126880645752, "passed": false}, "9": {"execution_time": 0.568962574005127, "passed": false}, "10": {"execution_time": 0.4775974750518799, "passed": true}, "11": {"execution_time": 0.5549337863922119, "passed": false}}}, "check_style_score": "0/1"}