{"version": "1", "message": "ERROR: Hidden Testcases server unreachable.", "problem_id": "ads2_m6_a1_1", "user_id": "manojbandari", "score": {"sample": {"0": {"execution_time": 0.34353137016296387, "passed": false}, "1": {"execution_time": 0.5571916103363037, "passed": false}, "2": {"execution_time": 0.39334607124328613, "passed": false}, "3": {"execution_time": 0.5295944213867188, "passed": false}, "4": {"execution_time": 0.3255016803741455, "passed": false}, "5": {"execution_time": 0.40910768508911133, "passed": false}, "6": {"execution_time": 0.3766815662384033, "passed": true}, "7": {"execution_time": 0.35785818099975586, "passed": false}, "8": {"execution_time": 0.34536099433898926, "passed": true}, "9": {"execution_time": 0.36031579971313477, "passed": false}, "10": {"execution_time": 0.3738269805908203, "passed": true}, "11": {"execution_time": 0.36618566513061523, "passed": false}}}, "check_style_score": "0/1"}