{"version": "1", "message": "ERROR: Hidden Testcases server unreachable.", "problem_id": "ads2_m6_a1_1", "user_id": "manojbandari", "score": {"sample": {"0": {"execution_time": 1.217731237411499, "passed": false}, "1": {"execution_time": 0.3550832271575928, "passed": false}, "2": {"execution_time": 0.329836368560791, "passed": false}, "3": {"execution_time": 0.3094298839569092, "passed": false}, "4": {"execution_time": 0.2872121334075928, "passed": false}, "5": {"execution_time": 0.32985687255859375, "passed": false}, "6": {"execution_time": 1.2204375267028809, "passed": true}, "7": {"execution_time": 1.309126615524292, "passed": false}, "8": {"execution_time": 0.2814667224884033, "passed": true}, "9": {"execution_time": 0.5897173881530762, "passed": false}, "10": {"execution_time": 1.1154756546020508, "passed": true}, "11": {"execution_time": 0.3013741970062256, "passed": false}}}, "check_style_score": "0/1"}