{"version": "1", "message": "ERROR: Hidden Testcases server unreachable.", "problem_id": "ads2_m6_a1_1", "user_id": "manojbandari", "score": {"sample": {"0": {"execution_time": 0.3206148147583008, "passed": false}, "1": {"execution_time": 0.34204721450805664, "passed": false}, "2": {"execution_time": 0.3654630184173584, "passed": false}, "3": {"execution_time": 0.44547462463378906, "passed": false}, "4": {"execution_time": 0.4390747547149658, "passed": false}, "5": {"execution_time": 0.45095372200012207, "passed": false}, "6": {"execution_time": 0.3166995048522949, "passed": false}, "7": {"execution_time": 0.42815136909484863, "passed": false}, "8": {"execution_time": 0.3114185333251953, "passed": false}, "9": {"execution_time": 0.329967737197876, "passed": false}, "10": {"execution_time": 0.3528707027435303, "passed": false}, "11": {"execution_time": 0.41634082794189453, "passed": false}}}, "check_style_score": "0/1"}